57363.008,61.4125
57364.023,59.0551
57364.969,63.4921
57365.914,63.4921
57366.898,60.9756
57367.844,63.4921
57368.797,62.9591
57369.766,61.9195
57370.664,66.8151
57371.578,65.6455
57372.531,62.9591
57373.484,62.9591
57374.43,63.4921
57375.305,68.5714
57376.195,67.3401
57377.125,64.5161
57377.992,69.2042
57378.805,73.8916
57379.648,71.09
57380.531,67.9502
57381.438,66.2252
57382.367,64.5161
57383.367,60
57384.344,61.4125
57385.273,64.5161
57386.203,64.5161
57387.219,59.0551
57388.219,60
57389.188,61.9195
57390.156,61.9195
57391.141,60.9756
57392.109,61.9195
57393.117,59.5238
57394.156,57.7478
57395.141,60.9756
57396.125,60.9756
57397.141,59.0551
57398.164,58.651
57399.141,61.4125
57400.141,60
57401.109,61.9195
57402.086,61.4125
57403.117,58.1959
57404.086,61.9195
57405.055,61.9195
57406.055,60
57407.039,60.9756
57408.047,59.5238
57409.086,57.7478
57410.07,60.9756
57410.977,66.2252
57411.906,64.5161
57412.828,65.0759
57413.719,67.3401
57414.633,65.6455
57415.641,59.5238
57416.648,59.5238
57417.625,61.4125
57418.695,56.0748
57419.758,56.4972
57420.75,60.4839
57421.742,60.4839
57422.742,60
57423.727,60.9756
57424.797,56.0748
57425.875,55.6586
57426.867,60.4839
57427.898,58.1959
57428.977,55.6586
57430.016,57.7478
57431.086,56.0748
57432.141,56.872
57433.148,59.5238
57434.141,60.4839
57435.117,61.4125
57436.039,65.0759
57436.992,62.9591
57437.984,60.4839
57438.938,62.9591
57439.953,59.0551
57440.984,58.1959
57441.922,63.9659
57442.891,61.9195
57443.852,62.435
57444.789,63.9659
57445.75,62.435
57446.805,56.872
57447.781,61.4125
57448.781,60
57449.781,60
57450.727,63.4921
57451.719,60.4839
57452.758,57.7478
57453.742,60.9756
57454.773,58.1959
57455.766,60.4839
57456.695,64.5161
57457.688,60.4839
57458.672,60.9756
57459.625,62.9591
57460.609,60.9756
57461.602,60.4839
57462.531,64.5161
57463.516,60.9756
57464.492,61.4125
57465.398,66.2252
57466.328,64.5161
57467.352,58.651
57468.391,57.7478
57469.352,62.435
57470.344,60.4839
57471.305,62.435
57472.227,65.0759
57473.227,60
57474.289,56.4972
57475.289,60
57476.297,59.5238
57477.281,60.9756
57478.188,66.2252
57479.109,65.0759
57480.062,62.9591
57481,63.9659
57481.906,66.2252
57482.859,62.9591
57483.844,60.9756
57484.797,62.9591
57485.781,60.9756
57486.805,58.651
57487.797,60.4839
57488.844,57.3066
57489.922,55.6586
57490.969,57.3066
57492.023,56.872
57493.062,57.7478
57494.086,58.651
57495.148,56.4972
57496.148,60
57497.156,59.5238
57498.195,57.7478
57499.219,58.651
57500.188,61.9195
57501.188,60
57502.047,69.8487
57502.883,71.7703
57503.758,68.5714
57504.695,63.9659
57505.547,70.4225
57506.336,76.0456
57507.125,76.0456
57507.883,79.1557
57508.609,82.5309
57509.383,77.6197
57510.211,72.4638
57511.117,66.2252
57512.031,65.6455
57512.945,65.6455
57513.906,62.435
57514.898,60.4839
57515.812,65.6455
57516.648,71.7703
57517.492,71.09
57518.344,70.4225
57519.164,73.1707
57519.969,74.5342
57520.75,76.8246
57521.492,80.8625
57522.219,82.5309
57522.93,84.3882
57523.625,86.3309
57524.305,88.2353
57524.969,90.3614
57525.633,90.3614
57526.297,90.3614
57527.008,84.3882
57527.758,80
57528.602,71.09
57529.555,62.9591
57530.555,60
57531.578,58.651
57532.547,61.9195
57533.609,56.4972
57534.672,56.4972
57535.68,59.5238
57536.719,57.7478
57537.812,54.8446
57538.859,57.3066
57539.859,60
57540.938,55.6586
57542.047,54.1028
57543.039,60.4839
57544.031,60.4839
57545.125,54.8446
57546.18,56.872
57547.156,61.4125
57548.141,60.9756
57549.172,58.1959
57550.125,62.9591
57551.055,64.5161
57552.047,60.4839
57553.172,53.3333
57554.258,55.2486
57555.266,59.5238
57556.297,58.1959
57557.375,55.6586
57558.406,58.1959
57559.328,65.0759
57560.219,67.3401
57561.062,71.09
57561.906,71.09
57562.789,67.9502
57563.789,60
57564.859,56.0748
57565.961,54.4465
57567.039,55.6586
57568.18,52.5855
57569.336,51.9031
57570.484,52.2648
57571.609,53.3333
57572.688,55.6586
57573.648,62.435
57574.594,63.4921
57575.547,62.9591
57576.469,65.0759
57577.43,62.435
57578.43,60
57579.422,60.4839
57580.445,58.651
57581.43,60.9756
57582.344,65.6455
57583.258,65.6455
57584.211,62.9591
57585.148,63.9659
57586.164,59.0551
57587.25,55.2486
57588.289,57.7478
57589.328,57.7478
57590.391,56.4972
57591.445,56.872
57592.531,55.2486
57593.609,55.6586
57594.648,57.7478
57595.695,57.3066
57596.727,58.1959
57597.773,57.3066
57598.766,60.4839
57599.625,69.8487
57600.414,76.0456
57601.211,75.2823
57601.984,77.6197
57602.82,71.7703
57603.977,51.9031
57605.047,56.0748
57606.188,52.5855
57607.18,60.4839
57608.234,56.872
57609.266,58.1959
57610.305,57.7478
57611.367,56.4972
57612.352,60.9756
57613.344,60.4839
57614.375,58.1959
57615.469,54.8446
57616.609,52.5855
57617.734,53.3333
57618.812,55.6586
57619.883,56.0748
57620.953,56.0748
57621.969,59.0551
57622.992,58.651
57624.023,58.1959
57625.047,58.651
57626.109,56.4972
57627.148,57.7478
57628.211,56.4972
57629.273,56.4972
57630.25,61.4125
57631.156,66.2252
57632.062,66.2252
57632.992,64.5161
57633.914,65.0759
57634.859,63.4921
57635.914,56.872
57636.938,58.651
57637.914,61.4125
57638.898,60.9756
57639.844,63.4921
57640.719,68.5714
57641.656,63.9659
57642.711,56.872
57643.781,56.0748
57644.766,60.9756
57645.75,60.9756
57646.797,57.3066
57647.781,60.9756
57648.797,59.0551
57649.844,57.3066
57650.836,60.4839
57651.867,58.1959
57652.891,58.651
57653.844,62.9591
57654.859,59.0551
57655.859,60
57656.852,60.4839
57657.719,69.2042
57658.562,71.09
57659.383,73.1707
57660.234,70.4225
57661.141,66.2252
57662.047,66.2252
57662.906,69.8487
57663.727,73.1707
57664.531,74.5342
57665.312,76.8246
57666.078,78.329
57666.797,83.4492
57667.516,83.4492
57668.227,84.3882
57668.945,83.4492
57669.672,82.5309
57670.422,80
57671.203,76.8246
57672.016,73.8916
57672.828,73.8916
57673.633,74.5342
57674.43,75.2823
57675.242,73.8916
57676.094,70.4225
57676.992,66.8151
57677.875,67.9502
57678.758,67.9502
57679.664,66.2252
57680.562,66.8151
57681.414,70.4225
57682.281,69.2042
57683.18,66.8151
57684.117,63.9659
57685.039,65.0759
57685.977,63.9659
57686.922,63.4921
57687.852,64.5161
57688.773,65.0759
57689.695,65.0759
57690.578,67.9502
57691.406,72.4638
57692.211,74.5342
57693,76.0456
57693.75,80
57694.508,79.1557
57695.242,81.7439
57695.992,80
57696.719,82.5309
57697.516,75.2823
57698.375,69.8487
57699.242,69.2042
57700.18,63.9659
57701.164,60.9756
57702.094,64.5161
57703.008,65.6455
57703.938,64.5161
57704.875,63.9659
57705.789,65.6455
57706.742,62.9591
57707.727,60.9756
57708.688,62.435
57709.633,63.4921
57710.578,63.4921
57711.531,62.9591
57712.445,65.6455
57713.391,63.4921
57714.359,61.9195
57715.297,63.9659
57716.25,62.9591
57717.219,61.9195
57718.18,62.435
57719.109,64.5161
57720.008,66.8151
57720.859,70.4225
57721.703,71.09
57722.539,71.7703
57723.367,72.4638
57724.258,67.3401
57725.156,66.8151
57726.078,65.0759
57727.023,63.4921
57727.953,64.5161
57728.898,63.4921
57729.844,63.4921
57730.766,65.0759
57731.711,63.4921
57732.68,61.9195
57733.602,65.0759
57734.539,63.9659
57735.484,63.4921
57736.391,66.2252
57737.344,62.9591
57738.258,65.6455
57739.117,69.8487
57739.992,68.5714
57740.883,67.3401
57741.812,64.5161
57742.664,70.4225
57743.523,69.8487
57744.445,65.0759
57745.344,66.8151
57746.25,66.2252
57747.18,64.5161
57748.141,62.435
57749.078,63.9659
57749.914,71.7703
57750.742,72.4638
57751.648,66.2252
57752.617,61.9195
57753.586,61.9195
57754.5,65.6455
57755.391,67.3401
57756.32,64.5161
57757.312,60.4839
57758.305,60.4839
57759.336,58.1959
57760.375,57.7478
57761.406,58.1959
57762.438,58.1959
57763.477,57.7478
57764.406,64.5161
57765.281,68.5714
57766.172,67.3401
57767.125,62.9591
57768.055,64.5161
57768.961,66.2252
57769.93,61.9195
57770.891,62.435
57771.828,63.9659
57772.75,65.0759
57773.703,62.9591
57774.633,64.5161
57775.531,66.8151
57776.445,65.6455
57777.359,65.6455
57778.242,67.9502
57779.18,63.9659
57780.125,63.4921
57781.039,65.6455
57781.969,64.5161
57782.914,63.4921
57783.836,65.0759
57784.758,65.0759
57785.68,65.0759
57786.578,66.8151
57787.477,66.8151
57788.43,62.9591
57789.383,62.9591
57790.281,66.8151
57791.219,63.9659
57792.188,61.9195
57793.109,65.0759
57794.016,66.2252
57794.961,63.4921
57795.906,63.4921
57796.859,62.9591
57797.828,61.9195
57798.766,63.9659
57799.695,64.5161
57800.625,64.5161
57801.555,64.5161
57802.469,65.6455
57803.414,63.4921
57804.359,63.4921
57805.281,65.0759
57806.227,63.4921
57807.211,60.9756
57808.148,63.9659
57809.117,61.9195
57810.109,60.4839
57811.062,62.9591
57812.023,62.435
57813,61.4125
57813.945,63.4921
57814.898,62.9591
57815.906,59.5238
57816.891,60.9756
57817.891,60
57818.922,58.1959
57819.906,60.9756
57820.898,60.4839
57821.906,59.5238
57822.859,62.9591
57823.82,62.435
57824.805,60.9756
57825.766,62.435
57826.812,57.3066
57827.859,57.3066
57828.797,63.9659
57829.742,63.4921
57830.656,65.6455
57831.539,67.9502
57832.469,64.5161
57833.422,62.9591
57834.336,65.6455
57835.289,62.9591
57836.328,57.7478
57837.328,60
57838.367,57.7478
57839.398,58.1959
57840.375,61.4125
57841.352,61.4125
57842.367,59.0551
57843.336,61.9195
57844.289,62.9591
57845.234,63.4921
57846.18,63.4921
57847.172,60.4839
57848.289,53.7153
57849.344,56.872
57850.453,54.1028
57851.539,55.2486
57852.547,59.5238
57853.57,58.651
57854.555,60.9756
57855.484,64.5161
57856.438,62.9591
57857.391,62.9591
57858.328,63.9659
57859.297,61.9195
57860.344,57.3066
57861.328,60.9756
57862.336,59.5238
57863.32,60.9756
57864.258,63.9659
57865.227,61.9195
57866.234,59.5238
57867.195,62.435
57868.102,66.2252
57869.023,65.0759
57869.945,65.0759
57870.883,63.9659
57871.898,59.0551
57872.93,58.1959
57873.898,61.9195
57874.859,62.435
57875.797,63.9659
57876.695,66.8151
57877.641,63.4921
57878.648,59.5238
57879.609,62.435
57880.609,60
57881.641,58.1959
57882.648,59.5238
57883.711,56.4972
57884.781,56.0748
57885.797,59.0551
57886.812,59.0551
57887.805,60.4839
57888.781,61.4125
57889.812,58.1959
57890.828,59.0551
57891.828,60
57892.836,59.5238
57893.75,65.6455
57894.633,67.9502
57895.477,71.09
57896.328,70.4225
57897.195,69.2042
57898.312,53.7153
57899.484,51.1945
57900.562,55.6586
57901.656,54.8446
57902.703,57.3066
57903.711,59.5238
57904.758,57.3066
57905.805,57.3066
57906.836,58.1959
57907.922,55.2486
57908.984,56.4972
57910.062,55.6586
57911.141,55.6586
57912.133,60.4839
57913.094,62.435
57914.055,62.435
57914.977,65.0759
57915.953,61.4125
57916.961,59.5238
57917.875,65.6455
57918.773,66.8151
57919.75,61.4125
57920.75,60
57921.734,60.9756
57922.836,54.4465
57923.867,58.1959
57924.93,56.4972
57925.992,56.4972
57926.938,63.4921
57927.938,60
57929.023,55.2486
57930.039,59.0551
57931.094,56.872
57932.148,56.872
57933.164,59.0551
57934.148,60.9756
57935.133,60.9756
57936.102,61.9195
57937.141,57.7478
57938.141,60
57939.023,67.9502
57939.914,67.3401
57940.938,58.651
57941.953,59.0551
57943.023,56.0748
57944.102,55.6586
57945.078,61.4125
57945.984,66.2252
57946.93,63.4921
57947.922,60.4839
57948.945,58.651
57949.977,58.1959
57950.961,60.9756
57951.961,60
57952.945,60.9756
57953.914,61.9195
57954.898,60.9756
57955.836,63.9659
57956.805,61.9195
57957.844,57.7478
57958.891,57.3066
57959.898,59.5238
57960.945,57.3066
57961.945,60
57962.953,59.5238
57963.977,58.651
57965.023,57.3066
57965.969,63.4921
57966.914,63.4921
57967.945,58.1959
57968.93,60.9756
57969.969,57.7478
57971.031,56.4972
57972.008,61.4125
57972.945,63.9659
57973.938,60.4839
57974.969,58.1959
57976.117,52.2648
57977.258,52.5855
57978.273,59.0551
57979.312,57.7478
57980.383,56.0748
57981.359,61.4125
57982.297,63.9659
57983.289,60.4839
57984.289,60
57985.32,58.1959
57986.43,54.1028
57987.5,56.0748
57988.492,60.4839
57989.562,56.0748
57990.609,57.3066
57991.594,60.9756
57992.602,59.5238
57993.648,57.3066
57994.641,60.4839
57995.641,60
57996.641,60
57997.57,64.5161
57998.562,60.4839
57999.609,57.3066
58000.594,60.9756
58001.547,62.9591
58002.562,59.0551
58003.531,61.9195
58004.539,59.5238
58005.594,56.872
58006.578,60.9756
58007.594,59.0551
58008.656,56.4972
58009.688,58.1959
58010.719,58.1959
58011.766,57.3066
58012.75,60.9756
58013.766,59.0551
58014.742,61.4125
58015.68,63.9659
58016.648,61.9195
58017.672,58.651
58018.648,61.4125
58019.594,63.4921
58020.609,59.0551
58021.625,59.0551
58022.57,63.4921
58023.523,62.9591
58024.484,62.435
58025.367,67.9502
58026.219,70.4225
58027.078,69.8487
58027.945,69.2042
58028.797,70.4225
58029.703,66.2252
58030.555,70.4225
58031.375,73.1707
58032.258,67.9502
58033.086,72.4638
58033.898,73.8916
58034.797,66.8151
58035.664,69.2042
58036.539,68.5714
58037.453,65.6455
58038.445,60.4839
58039.438,60.4839
58040.453,59.0551
58041.5,57.3066
58042.508,59.5238
58043.531,58.651
58044.594,56.4972
58045.594,60
58046.609,59.0551
58047.664,56.872
58048.68,59.0551
58049.766,55.2486
58050.867,54.4465
58051.914,57.3066
58052.867,62.9591
58053.734,69.2042
58054.648,65.6455
58055.625,61.4125
58056.664,57.7478
58057.859,50.2092
58059.078,49.2207
58060.156,55.6586
58061.227,56.0748
58062.195,61.9195
58063.109,65.6455
58064.055,63.4921
58065.109,56.872
58066.148,57.7478
58067.172,58.651
58068.203,58.1959
58069.148,63.4921
58070.133,60.9756
58071.211,55.6586
58072.25,57.7478
58073.312,56.4972
58074.352,57.7478
58075.289,63.9659
58076.219,64.5161
58077.148,64.5161
58078.016,69.2042
58078.875,69.8487
58079.766,67.3401
58080.828,56.4972
58081.766,63.9659
58082.68,65.6455
58083.672,60.4839
58084.695,58.651
58085.773,55.6586
58086.883,54.1028
58087.922,57.7478
58089.016,54.8446
58090.141,53.3333
58091.18,57.7478
58092.281,54.4465
58093.352,56.0748
58094.375,58.651
58095.445,56.0748
58096.562,53.7153
58097.625,56.4972
58098.703,55.6586
58099.797,54.8446
58100.836,57.7478
58101.883,57.3066
58102.953,56.0748
58103.992,57.7478
58104.953,62.435
58105.914,62.435
58106.828,65.6455
58107.719,67.3401
58108.633,65.6455
58109.648,59.0551
58110.609,62.435
58111.594,60.9756
58112.594,60
58113.516,65.0759
58114.422,66.2252
58115.375,62.9591
58116.414,57.7478
58117.367,62.9591
58118.375,59.5238
58119.414,57.7478
58120.414,60
58121.477,56.4972
58122.523,57.3066
58123.477,62.9591
58124.492,59.0551
58125.555,56.4972
58126.516,62.435
58127.484,61.9195
58128.594,54.1028
58129.555,62.435
58130.562,59.5238
58131.656,54.8446
58132.672,59.0551
58133.719,57.3066
58134.789,56.0748
58135.758,61.9195
58136.742,60.9756
58137.789,57.3066
58138.711,65.0759
58139.656,63.4921
58140.625,61.9195
58141.578,62.9591
58142.492,65.6455
58143.531,57.7478
58144.578,57.3066
58145.555,61.4125
58146.586,58.1959
58147.633,57.3066
58148.594,62.435
58149.562,61.9195
58150.609,57.3066
58151.625,59.0551
58152.688,56.4972
58153.781,54.8446
58154.844,56.4972
58155.953,54.1028
58157.07,53.7153
58158.109,57.7478
58159.18,56.0748
58160.258,55.6586
58161.25,60.4839
58162.172,65.0759
58163.18,59.5238
58164.188,59.5238
58165.133,63.4921
58166.039,66.2252
58167.023,60.9756
58167.992,61.9195
58168.969,61.4125
58170.023,56.872
58171.109,55.2486
58172.094,60.9756
58173.062,61.9195
58174,63.9659
58174.859,69.8487
58175.703,71.09
58176.617,65.6455
58177.617,60
58178.562,63.4921
58179.477,65.6455
58180.43,62.9591
58181.32,67.3401
58182.227,66.2252
58183.266,57.7478
58184.336,56.0748
58185.398,56.4972
58186.422,58.651
58187.391,61.9195
58188.273,67.9502
58189.125,70.4225
58190.023,66.8151
58190.969,63.4921
58192.188,49.2207
58193.367,50.8475
58194.422,56.872
58195.547,53.3333
58196.617,56.0748
58197.734,53.7153
58198.852,53.7153
58199.922,56.0748
58200.977,56.872
58202.07,54.8446
58203.102,58.1959
58204.109,59.5238
58205.109,60
58206.078,61.9195
58207,65.0759
58208.086,55.2486
58209.133,57.3066
58210.203,56.0748
58211.336,52.9568
58212.406,56.0748
58213.398,60.4839
58214.438,57.7478
58215.492,56.872
58216.453,62.435
58217.32,69.2042
58218.211,67.3401
58219.117,66.2252
58220.047,64.5161
58220.93,67.9502
58221.812,67.9502
58222.641,72.4638
58223.438,75.2823
58224.188,80
58224.992,74.5342
58225.805,73.8916
58226.633,72.4638
58227.414,76.8246
58228.172,79.1557
58228.867,86.3309
58229.578,84.3882
58230.266,87.2093
58230.953,87.2093
58231.609,91.4634
58232.25,93.6037
58232.891,93.6037
58233.523,94.7867
58234.133,98.5222
58234.742,98.5222
58235.359,97.2447
58235.945,102.389
58236.547,99.6678
58237.156,98.5222
58237.789,94.7867
58238.422,94.7867
58239.062,93.6037
58239.734,89.2857
58240.453,83.4492
58241.281,72.4638
58242.086,74.5342
58242.93,71.09
58243.945,59.0551
58245,56.872
58246.023,58.651
58247.148,53.3333
58248.25,54.4465
58249.328,55.6586
58250.438,54.1028
58251.555,53.7153
58252.641,55.2486
58253.773,52.9568
58254.898,53.3333
58256.031,52.9568
58257.211,50.8475
58258.32,54.1028
58259.438,53.7153
58260.578,52.5855
58261.625,57.3066
58262.703,55.6586
58263.797,54.8446
58264.812,59.0551
58265.984,51.1945
58267.125,52.5855
58268.289,51.5464
58269.492,49.8753
58270.633,52.5855
58271.82,50.5051
58272.992,51.1945
58274.109,53.7153
58275.242,52.9568
58276.375,52.9568
58277.484,54.1028
58278.641,51.9031
58279.805,51.5464
58280.812,59.5238
58281.812,60
58282.836,58.651
58283.773,63.9659
58284.758,60.9756
58285.727,61.9195
58286.711,60.9756
58287.82,54.1028
58288.891,56.0748
58289.977,55.2486
58291.055,55.6586
58292.055,60
58293.055,60
58293.969,65.6455
58294.867,66.8151
58295.867,60
58297.07,49.8753
58298.18,54.1028
58299.328,52.2648
58300.461,52.9568
58301.508,57.3066
58302.602,54.8446
58303.688,55.2486
58304.727,57.7478
58305.836,54.1028
58306.922,55.2486
58308.008,55.2486
58309.109,54.4465
58310.156,57.3066
58311.242,55.2486
58312.312,56.0748
58313.367,56.872
58314.352,60.9756
58315.234,67.9502
58316.148,65.6455
58317.297,52.2648
58318.477,50.8475
58319.578,54.4465
58320.711,52.9568
58321.836,53.3333
58322.914,55.6586
58324.008,54.8446
58325.07,56.4972
58326.094,58.651
58327.156,56.4972
58328.195,57.7478
58329.195,60
58330.234,57.7478
58331.312,55.6586
58332.258,63.4921
58333.242,60.9756
58334.156,65.6455
58335.086,64.5161
58336.055,61.9195
58337.156,54.4465
58338.219,56.4972
58339.195,61.4125
58340.234,57.7478
58341.234,60
58342.266,58.1959
58343.305,57.7478
58344.297,60.4839
58345.375,55.6586
58346.43,56.872
58347.508,55.6586
58348.602,54.8446
58349.703,54.4465
58350.82,53.7153
58351.914,54.8446
58352.922,59.5238
58353.961,57.7478
58355.086,53.3333
58356.141,56.872
58357.031,67.3401
58357.953,65.0759
58358.945,60.4839
58359.844,66.8151
58360.727,67.9502
58361.766,57.7478
58362.906,52.5855
58363.969,56.4972
58365.133,51.5464
58366.305,51.1945
58367.375,56.0748
58368.461,55.2486
58369.562,54.4465
58370.656,54.8446
58371.781,53.3333
58372.875,54.8446
58373.977,54.4465
58375.117,52.5855
58376.219,54.4465
58377.297,55.6586
58378.414,53.7153
58379.508,54.8446
58380.547,57.7478
58381.641,54.8446
58382.703,56.4972
58383.742,57.7478
58384.805,56.4972
58385.844,57.7478
58386.938,54.8446
58388.031,54.8446
58389.039,59.5238
58390.031,60.4839
58391.039,59.5238
58392.031,60.4839
58392.938,66.2252
58393.742,74.5342
58394.523,76.8246
58395.289,78.329
58396.109,73.1707
58396.891,76.8246
58397.641,80
58398.516,68.5714
58399.43,65.6455
58400.406,61.4125
58401.469,56.4972
58402.398,64.5161
58403.375,61.4125
58404.383,59.5238
58405.383,60
58406.453,56.0748
58407.609,51.9031
58408.711,54.4465
58409.844,52.9568
58410.969,53.3333
58412.047,55.6586
58413.156,54.1028
58414.227,56.0748
58415.328,54.4465
58416.43,54.4465
58417.516,55.2486
58418.578,56.4972
58419.68,54.4465
58420.75,56.0748
58421.836,55.2486
58422.93,54.8446
58423.938,59.5238
58424.891,62.9591
58425.867,61.4125
58426.75,67.9502
58427.625,68.5714
58428.469,71.09
58429.297,72.4638
58430.109,73.8916
58431.07,62.435
58432.242,51.1945
58433.375,52.9568
58434.617,48.3092
58435.805,50.5051
58436.969,51.5464
58438.133,51.5464
58439.242,54.1028
58440.383,52.5855
58441.508,53.3333
58442.586,55.6586
58443.602,59.0551
58444.523,65.0759
58445.508,60.9756
58446.516,59.5238
58447.445,64.5161
58448.391,63.4921
58449.484,54.8446
58450.641,51.9031
58451.898,47.6948
58453.125,48.8998
58454.297,51.1945
58455.5,49.8753
58456.641,52.5855
58457.781,52.5855
58458.906,53.3333
58459.969,56.4972
58461.039,56.0748
58462.156,53.7153
58463.219,56.4972
58464.32,54.4465
58465.422,54.4465
58466.445,58.651
58467.531,55.2486
58468.633,54.4465
58469.648,59.0551
58470.688,57.7478
58471.68,60.4839
58472.594,65.6455
58473.43,71.7703
58474.227,75.2823
58475.039,73.8916
58475.859,73.1707
58476.961,54.4465
58478.094,52.9568
58479.109,59.0551
58480.328,49.2207
58481.5,51.1945
58482.672,51.1945
58483.906,48.6224
58485.039,52.9568
58486.195,51.9031
58487.359,51.5464
58488.492,52.9568
58489.609,53.7153
58490.711,54.4465
58491.789,55.6586
58492.906,53.7153
58494.008,54.4465
58495.031,58.651
58496.109,55.6586
58497.18,56.0748
58498.234,56.872
58499.305,56.0748
58500.398,54.8446
58501.414,59.0551
58502.469,56.872
58503.523,56.872
58504.5,61.4125
58505.492,60.4839
58506.469,61.4125
58507.375,66.2252
58508.266,67.3401
58509.266,60
58510.312,57.3066
58511.289,61.4125
58512.352,56.4972
58513.367,59.0551
58514.297,64.5161
58515.273,61.4125
58516.258,60.9756
58517.203,63.4921
58518.266,56.4972
58519.336,56.0748
58520.344,59.5238
58521.328,60.9756
58522.195,69.2042
58523,74.5342
58523.812,73.8916
58524.609,75.2823
58525.602,60.4839
58526.68,55.6586
58527.773,54.8446
58528.82,57.3066
58529.984,51.5464
58531.125,52.5855
58532.188,56.4972
58533.242,56.872
58534.219,61.4125
58535.156,63.9659
58536.195,57.7478
58537.32,53.3333
58538.398,55.6586
58539.531,52.9568
58540.602,56.0748
58541.602,60
58542.664,56.4972
58543.727,56.4972
58544.703,61.4125
58545.781,55.6586
58546.82,57.7478
58547.805,60.9756
58548.859,56.872
58549.953,54.8446
58550.953,60
58551.812,69.8487
58552.672,69.8487
58553.844,51.1945
58554.867,58.651
58555.906,57.7478
58557.047,52.5855
58558.125,55.6586
58559.273,52.2648
58560.43,51.9031
58561.531,54.4465
58562.672,52.5855
58563.766,54.8446
58564.828,56.4972
58565.914,55.2486
58566.922,59.5238
58567.922,60
58568.953,58.1959
58569.938,60.9756
58570.93,60.4839
58571.969,57.7478
58572.977,59.5238
58573.977,60
58575,58.651
58576,60
58577,60
58578.031,58.1959
58579.031,60
58579.977,63.4921
58580.828,70.4225
58581.609,76.8246
58582.375,78.329
58583.141,78.329
58583.984,71.09
58584.969,60.9756
58586.234,47.3934
58587.375,52.5855
58588.547,51.1945
58589.734,50.5051
58590.859,53.3333
58592.023,51.5464
58593.172,52.2648
58594.305,52.9568
58595.477,51.1945
58596.578,54.4465
58597.688,54.1028
58598.797,54.1028
58599.844,57.3066
58600.922,55.6586
58602.031,54.1028
58603.102,56.0748
58604.195,54.8446
58605.258,56.4972
58606.273,59.0551
58607.305,58.1959
58608.352,57.3066
58609.422,56.0748
58610.578,51.9031
58611.633,56.872
58612.656,58.651
58613.742,55.2486
58614.758,59.0551
58615.805,57.3066
58616.844,57.7478
58617.859,59.0551
58618.906,57.3066
58619.914,59.5238
58620.938,58.651
58622.047,54.1028
58623.039,60.4839
58623.969,64.5161
58624.938,61.9195
58625.93,60.4839
58626.875,63.4921
58627.898,58.651
58629.008,54.1028
58629.977,61.9195
58630.992,59.0551
58632.07,55.6586
58633.078,59.5238
58634.148,56.0748
58635.172,58.651
58636.047,68.5714
58636.867,73.1707
58637.711,71.09
58638.609,66.8151
58639.656,57.3066
58640.867,49.5458
58641.969,54.4465
58643.125,51.9031
58644.258,52.9568
58645.359,54.4465
58646.484,53.3333
58647.602,53.7153
58648.688,55.2486
58649.789,54.4465
58650.859,56.0748
58651.93,56.0748
58653.008,55.6586
58654.031,58.651
58655.086,56.872
58656.109,58.651
58657.102,60.4839
58658.125,58.651
58659.188,56.4972
58660.234,57.3066
58661.312,55.6586
58662.359,57.3066
58663.32,62.435
58664.336,59.0551
58665.43,54.8446
58666.469,57.7478
58667.539,56.0748
58668.633,54.8446
58669.664,58.1959
58670.711,57.3066
58671.758,57.3066
58672.734,61.4125
58673.719,60.9756
58674.734,59.0551
58675.711,61.4125
58676.703,60.4839
58677.727,58.651
58678.719,60.4839
58679.75,58.1959
58680.852,54.4465
58681.859,59.5238
58682.906,57.3066
58684,54.8446
58685.008,59.5238
58686.055,57.3066
58687.148,54.8446
58688.156,59.5238
58689.211,56.872
58690.266,56.872
58691.258,60.4839
58692.273,59.0551
58693.344,56.0748
58694.344,60
58695.359,59.0551
58696.383,58.651
58697.344,62.435
58698.43,55.2486
58699.477,57.3066
58700.43,62.9591
58701.352,65.0759
58702.328,61.4125
58703.305,61.4125
58704.352,57.3066
58705.438,55.2486
58706.453,59.0551
58707.539,55.2486
58708.633,54.8446
58709.641,59.5238
58710.727,55.2486
58711.812,55.2486
58712.82,59.5238
58713.906,55.2486
58714.961,56.872
58715.938,61.4125
58716.969,58.1959
58717.961,60.4839
58718.922,62.435
58719.922,60
58720.969,57.3066
58721.969,60
58723.062,54.8446
58724.148,55.2486
58725.203,56.872
58726.258,56.872
58727.305,57.3066
58728.258,62.9591
58729.164,66.2252
58730.164,60
58731.172,59.5238
58732.219,57.3066
58733.266,57.3066
58734.242,61.4125
58735.273,58.1959
58736.344,56.0748
58737.352,59.5238
58738.391,57.7478
58739.453,56.4972
58740.453,60
58741.516,56.4972
58742.562,57.3066
58743.539,61.4125
58744.57,58.1959
58745.586,59.0551
58746.555,61.9195
58747.539,60.9756
58748.531,60.4839
58749.461,64.5161
58750.359,66.8151
58751.305,63.4921
58752.281,61.4125
58753.242,62.435
58754.305,56.4972
58755.406,54.4465
58756.406,60
58757.5,54.8446
58758.555,56.872
58759.516,62.435
58760.484,61.9195
58761.508,58.651
58762.523,59.0551
58763.523,60
58764.594,56.0748
58765.68,55.2486
58766.703,58.651
58767.773,56.0748
58768.812,57.7478
58769.898,55.2486
58770.977,55.6586
58771.961,60.9756
58773.016,56.872
58774.07,56.872
58775.039,61.9195
58775.992,62.9591
58777.016,58.651
58778.086,56.0748
58779.039,62.9591
58780.016,61.4125
58780.992,61.4125
58781.906,65.6455
58782.82,65.6455
58783.852,58.1959
58784.875,58.651
58785.906,58.1959
58787.016,54.1028
58788.094,55.6586
58789.172,55.6586
58790.258,55.2486
58791.234,61.4125
58792.172,63.9659
58793.141,61.9195
58794.047,66.2252
58794.922,68.5714
58795.938,59.0551
58797.039,54.4465
58798.062,58.651
58799.117,56.872
58800.203,55.2486
58801.195,60.4839
58802.211,59.0551
58803.242,58.1959
58804.281,57.7478
58805.398,53.7153
58806.453,56.872
58807.539,55.2486
58808.594,56.872
58809.578,60.9756
58810.562,60.9756
58811.609,57.3066
58812.656,57.3066
58813.68,58.651
58814.727,57.3066
58815.742,59.0551
58816.703,62.435
58817.727,58.651
58818.758,58.1959
58819.797,57.7478
58820.883,55.2486
58821.922,57.7478
58822.945,58.651
58824.016,56.0748
58825.07,56.872
58826.117,57.3066
58827.203,55.2486
58828.266,56.4972
58829.25,60.9756
58830.273,58.651
58831.352,55.6586
58832.352,60
58833.344,60.4839
58834.305,62.435
58835.195,67.3401
58836.109,65.6455
58837.117,59.5238
58838.094,61.4125
58839.156,56.4972
58840.289,52.9568
58841.297,59.5238
58842.297,60
58843.32,58.651
58844.289,61.9195
58845.281,60.4839
58846.289,59.5238
58847.258,61.9195
58848.258,60
58849.289,58.1959
58850.273,60.9756
58851.188,65.6455
58852.133,63.4921
58853.117,60.9756
58854.031,65.6455
58854.961,64.5161
58855.969,59.5238
58856.961,60.4839
58857.914,62.9591
58858.93,59.0551
58859.953,58.651
58860.875,65.0759
58861.789,65.6455
58862.797,59.5238
58863.758,62.435
58864.727,61.9195
58865.727,60
58866.75,58.651
58867.758,59.5238
58868.852,54.8446
58869.984,52.9568
58870.977,60.4839
58872.016,57.7478
58873.039,58.651
58874.055,59.0551
58875.102,57.3066
58876.18,55.6586
58877.195,59.0551
58878.289,54.8446
58879.367,55.6586
58880.383,59.0551
58881.477,54.8446
58882.555,55.6586
58883.555,60
58884.594,57.7478
58885.656,56.4972
58886.656,60
58887.664,59.5238
58888.68,59.0551
58889.672,60.4839
58890.703,58.1959
58891.703,60
58892.664,62.435
58893.672,59.5238
58894.656,60.9756
58895.625,61.9195
58896.617,60.4839
58897.586,61.9195
58898.531,63.4921
58899.562,58.1959
58900.625,56.4972
58901.609,60.9756
58902.625,59.0551
58903.688,56.4972
58904.641,62.9591
58905.664,58.651
58906.734,56.0748
58907.719,60.9756
58908.75,58.1959
58909.812,56.4972
58910.812,60
58911.914,54.4465
58913.055,52.5855
58914.086,58.1959
58915.156,56.0748
58916.133,61.4125
58917.055,65.0759
58918.039,60.9756
58919.023,60.9756
58920.094,56.0748
58921.227,52.9568
58922.258,58.1959
58923.344,55.2486
58924.453,54.1028
58925.422,61.9195
58926.422,60
58927.453,58.1959
58928.422,61.9195
58929.469,57.3066
58930.555,55.2486
58931.57,59.0551
58932.656,55.2486
58933.742,55.2486
58934.742,60
58935.781,57.7478
58936.859,55.6586
58937.875,59.0551
58938.906,58.1959
58939.938,58.1959
58940.922,60.9756
58941.93,59.5238
58942.961,58.1959
58943.969,59.5238
58945.031,56.4972
58946.133,54.4465
58947.18,57.3066
58948.242,56.4972
58949.344,54.4465
58950.344,60
58951.367,58.651
58952.43,56.4972
58953.422,60.4839
58954.43,59.5238
58955.523,54.8446
58956.594,56.0748
58957.719,53.3333
58958.852,52.9568
58959.883,58.1959
58960.992,54.1028
58962.086,54.8446
58963.125,57.7478
58964.141,59.0551
58965.125,60.9756
58966.109,60.9756
58967.117,59.5238
58968.086,61.9195
58969.117,58.1959
58970.156,57.7478
58971.148,60.4839
58972.227,55.6586
58973.297,56.0748
58974.305,59.5238
58975.383,55.6586
58976.422,57.7478
58977.391,61.9195
58978.406,59.0551
58979.492,55.2486
58980.438,63.4921
58981.438,60
58982.5,56.4972
58983.523,58.651
58984.602,55.6586
58985.68,55.6586
58986.68,60
58987.75,56.0748
58988.828,55.6586
58989.797,61.9195
58990.781,60.9756
58991.758,61.4125
58992.719,62.435
58993.734,59.0551
58994.789,56.872
58995.805,59.0551
58996.883,55.6586
58997.914,58.1959
58998.914,60
58999.945,58.1959
59000.93,60.9756
59001.961,58.1959
59003.047,55.2486
59004.047,60
59005.094,57.3066
59006.211,53.7153
59007.297,55.2486
59008.422,53.3333
59009.531,54.1028
59010.586,56.872
59011.664,55.6586
59012.703,57.7478
59013.703,60
59014.758,56.872
59015.82,56.4972
59016.82,60
59017.891,56.0748
59018.922,58.1959
59019.914,60.4839
59020.977,56.4972
59022.016,57.7478
59022.984,61.9195
59024,59.0551
59025.016,59.0551
59025.984,61.9195
59026.969,60.9756
59028.023,56.872
59029.039,59.0551
59030.055,59.0551
59031.109,56.872
59032.164,56.872
59033.156,60.4839
59034.18,58.651
59035.203,58.651
59036.195,60.4839
59037.242,57.3066
59038.281,57.7478
59039.219,63.9659
59040.211,60.4839
59041.211,60
59042.219,59.5238
59043.266,57.3066
59044.336,56.0748
59045.352,59.0551
59046.422,56.0748
59047.508,55.2486
59048.492,60.9756
59049.547,56.872
59050.609,56.4972
59051.594,60.9756
59052.602,59.5238
59053.625,58.651
59054.641,59.0551
59055.625,60.9756
59056.531,66.2252
59057.375,71.09
59058.172,75.2823
59058.992,73.1707
59059.906,65.6455
59060.891,60.9756
59061.82,64.5161
59062.781,62.435
59063.695,65.6455
59064.508,73.8916
59065.266,79.1557
59065.984,83.4492
59066.68,86.3309
59067.336,91.4634
59068.016,88.2353
59068.672,91.4634
59069.352,88.2353
59070.031,88.2353
59070.711,88.2353
59071.391,88.2353
59072.078,87.2093
59072.758,88.2353
59073.438,88.2353
59074.125,87.2093
59074.852,82.5309
59075.625,77.6197
59076.383,79.1557
59077.148,78.329
59077.922,77.6197
59078.695,77.6197
59079.547,70.4225
59080.438,67.3401
59081.344,66.2252
59082.234,67.3401
59083.164,64.5161
59084.047,67.9502
59084.93,67.9502
59085.828,66.8151
59086.727,66.8151
59087.617,67.3401
59088.57,62.9591
59089.609,57.7478
59090.641,58.1959
59091.758,53.7153
59092.859,54.4465
59093.969,54.1028
59095.078,54.1028
59096.156,55.6586
59097.281,53.3333
59098.297,59.0551
59099.266,61.9195
59100.359,54.8446
59101.461,54.4465
59102.625,51.5464
59103.781,51.9031
59104.914,52.9568
59106.117,49.8753
59107.227,54.1028
59108.375,52.2648
59109.5,53.3333
59110.594,54.8446
59111.586,60.4839
59112.438,70.4225
59113.328,67.3401
59114.656,45.1807
59115.75,54.8446
59116.914,51.5464
59118.016,54.4465
59119.156,52.5855
59120.312,51.9031
59121.43,53.7153
59122.594,51.5464
59123.695,54.4465
59124.852,51.9031
59125.984,52.9568
59127.047,56.4972
59128.156,54.1028
59129.242,55.2486
59130.234,60.4839
59131.141,66.2252
59131.953,73.8916
59132.797,71.09
59133.641,71.09
59134.578,63.9659
59135.648,56.0748
59136.852,49.8753
59138.031,50.8475
59139.117,55.2486
59140.25,52.9568
59141.305,56.872
59142.305,60
59143.398,54.8446
59144.516,53.7153
59145.68,51.5464
59146.852,51.1945
59147.969,53.7153
59149.141,51.1945
59150.312,51.1945
59151.438,53.3333
59152.609,51.1945
59153.727,53.7153
59154.82,54.8446
59155.93,54.1028
59156.844,65.6455
59157.68,71.7703
59158.555,68.5714
59159.758,49.8753
59160.852,54.8446
59162.008,51.9031
59163.125,53.7153
59164.289,51.5464
59165.43,52.5855
59166.516,55.2486
59167.633,53.7153
59168.695,56.4972
59169.773,55.6586
59170.844,56.0748
59171.859,59.0551
59172.898,57.7478
59173.984,55.2486
59174.984,60
59176.047,56.4972
59177.133,55.2486
59178.148,59.0551
59179.195,57.3066
59180.312,53.7153
59181.312,60
59182.336,58.651
59183.391,56.872
59184.367,61.4125
59185.305,63.9659
59186.109,74.5342
59186.859,80
59187.625,78.329
59188.938,45.7317
59189.938,60
59191.125,50.5051
59192.266,52.5855
59193.383,53.7153
59194.609,48.8998
59195.727,53.7153
59196.969,48.3092
59198.133,51.5464
59199.305,51.1945
59200.523,49.2207
59201.68,51.9031
59202.867,50.5051
59204.016,52.2648
59205.148,52.9568
59206.266,53.7153
59207.344,55.6586
59208.484,52.5855
59209.562,55.6586
59210.656,54.8446
59211.758,54.4465
59212.828,56.0748
59213.891,56.4972
59214.945,56.872
59215.945,60
59216.992,57.3066
59218.047,56.872
59219.016,61.9195
59220.023,59.5238
59221.094,56.0748
59222.078,60.9756
59223.023,63.4921
59224.023,60
59224.977,62.9591
59226,58.651
59227.133,52.9568
59228.164,58.1959
59229.258,54.8446
59230.406,52.2648
59231.469,56.4972
59232.523,56.872
59233.562,57.7478
59234.562,60
59235.648,55.2486
59236.703,56.872
59237.672,61.9195
59238.68,59.5238
59239.727,57.3066
59240.719,60.4839
59241.805,55.2486
59242.805,60
59243.711,66.2252
59244.633,65.0759
59245.812,50.8475
59246.953,52.5855
59248.086,52.9568
59249.242,51.9031
59250.328,55.2486
59251.453,53.3333
59252.516,56.4972
59253.602,55.2486
59254.727,53.3333
59255.781,56.872
59256.836,56.872
59257.961,53.3333
59259.016,56.872
59260.156,52.5855
59261.258,54.4465
59262.312,56.872
59263.422,54.1028
59264.508,55.2486
59265.57,56.4972
59266.68,54.1028
59267.727,57.3066
59268.797,56.0748
59269.914,53.7153
59270.93,59.0551
59271.953,58.651
59273.031,55.6586
59274.031,60
59275.102,56.0748
59276.234,52.9568
59277.297,56.4972
59278.43,52.9568
59279.555,53.3333
59280.586,58.1959
59281.664,55.6586
59282.766,54.4465
59283.805,57.7478
59284.875,56.0748
59285.922,57.3066
59286.875,62.9591
59287.859,60.9756
59288.891,58.1959
59289.891,60
59290.961,56.0748
59292.07,54.1028
59293.125,56.872
59294.227,54.4465
59295.344,53.7153
59296.375,58.1959
59297.445,56.0748
59298.516,56.0748
59299.5,60.9756
59300.547,57.3066
59301.609,56.4972
59302.609,60
59303.648,57.7478
59304.68,58.1959
59305.641,62.435
59306.656,59.0551
59307.688,58.1959
59308.695,59.5238
59309.734,57.7478
59310.844,54.1028
59311.867,58.651
59312.906,57.7478
59313.977,56.0748
59314.977,60
59316.008,58.1959
59317.031,58.651
59318.039,59.5238
59319.117,55.6586
59320.211,54.8446
59321.258,57.3066
59322.344,55.2486
59323.336,60.4839
59324.273,63.9659
59325.18,66.2252
59326.133,62.9591
59327.164,58.1959
59328.203,57.7478
59329.328,53.3333
59330.453,53.3333
59331.531,55.6586
59332.617,55.2486
59333.711,54.8446
59334.727,59.0551
59335.781,56.872
59336.859,55.6586
59337.867,59.5238
59338.938,56.0748
59340.047,54.1028
59341.07,58.651
59342.125,56.872
59343.211,55.2486
59344.242,58.1959
59345.281,57.7478
59346.352,56.0748
59347.383,58.1959
59348.438,56.872
59349.508,56.0748
59350.523,59.0551
59351.594,56.0748
59352.664,56.0748
59353.68,59.0551
59354.781,54.4465
59355.859,55.6586
59356.875,59.0551
59357.93,56.872
59358.992,56.4972
59359.977,60.9756
59361.008,58.1959
59362.055,57.3066
59363.031,61.4125
59364.023,60.4839
59365.062,57.7478
59366.086,58.651
59367.133,57.3066
59368.18,57.3066
59369.18,60
59370.133,62.9591
59371.141,59.5238
59372.094,62.9591
59373.078,60.9756
59374.125,57.3066
59375.109,60.9756
59376.102,60.4839
59377.109,59.5238
59378.117,59.5238
59379.125,59.5238
59380.203,55.6586
59381.273,56.0748
59382.32,57.3066
59383.414,54.8446
59384.43,59.0551
59385.406,61.4125
59386.438,58.1959
59387.461,58.651
59388.469,59.5238
59389.594,53.3333
59390.711,53.7153
59391.82,54.1028
59392.922,54.4465
59393.953,58.1959
59395.008,56.872
59396.102,54.8446
59397.125,58.651
59398.211,55.2486
59399.305,54.8446
59400.305,60
59401.305,60
59402.359,56.872
59403.359,60
59404.344,60.9756
59405.406,56.4972
59406.453,57.3066
59407.5,57.3066
59408.57,56.0748
59409.562,60.4839
59410.547,60.9756
59411.57,58.651
59412.531,62.435
59413.461,64.5161
59414.461,60
59415.453,60.4839
59416.469,59.0551
59417.508,57.7478
59418.469,62.435
59419.461,60.4839
59420.547,55.2486
59421.578,58.1959
59422.602,58.651
59423.75,52.2648
59424.844,54.8446
59425.914,56.0748
59426.961,57.3066
59427.953,60.4839
59428.984,58.1959
59430.062,55.6586
59431.078,59.0551
59432.109,58.1959
59433.172,56.4972
59434.141,61.9195
59435.148,59.5238
59436.211,56.4972
59437.219,59.5238
59438.281,56.4972
59439.383,54.4465
59440.414,58.1959
59441.469,56.872
59442.531,56.4972
59443.547,59.0551
59444.594,57.3066
59445.664,56.0748
59446.672,59.5238
59447.703,58.1959
59448.758,56.872
59449.75,60.4839
59450.766,59.0551
59451.828,56.4972
59452.797,61.9195
59453.766,61.9195
59454.773,59.5238
59455.742,61.9195
59456.75,59.5238
59457.781,58.1959
59458.836,56.872
59459.844,59.5238
59460.875,58.1959
59461.938,56.4972
59462.945,59.5238
59463.961,59.0551
59464.961,60
59465.906,63.4921
59466.898,60.4839
59467.961,56.4972
59468.969,59.5238
59469.953,60.9756
59470.984,58.1959
59472.047,56.4972
59473.047,60
59474.086,57.7478
59475.141,56.872
59476.133,60.4839
59477.117,60.9756
59478.125,59.5238
59479.188,56.4972
59480.227,57.7478
59481.25,58.651
59482.336,55.2486
59483.469,52.9568
59484.5,58.1959
59485.562,56.4972
59486.672,54.1028
59487.703,58.1959
59488.75,57.3066
59489.852,54.4465
59490.875,58.651
59491.922,57.3066
59492.961,57.7478
59494,57.7478
59495.07,56.0748
59496.133,56.4972
59497.109,61.4125
59498.148,57.7478
59499.195,57.3066
59500.18,60.9756
59501.172,60.4839
59502.211,57.7478
59503.188,61.4125
59504.188,60
59505.227,57.7478
59506.203,61.4125
59507.234,58.1959
59508.328,54.8446
59509.344,59.0551
59510.336,60.4839
59511.367,58.1959
59512.344,61.4125
59513.32,61.4125
59514.352,58.1959
59515.32,61.9195
59516.242,65.0759
59517.234,60.4839
59518.211,61.4125
59519.258,57.3066
59520.344,55.2486
59521.344,60
59522.398,56.872
59523.508,54.1028
59524.531,58.651
59525.602,56.0748
59526.727,53.3333
59527.797,56.0748
59528.883,55.2486
59529.992,54.1028
59531.039,57.3066
59532.102,56.4972
59533.148,57.3066
59534.141,60.4839
59535.141,60
59536.148,59.5238
59537.133,60.9756
59538.219,55.2486
59539.273,56.872
59540.172,66.8151
59540.969,75.2823
59541.734,78.329
59542.477,80.8625
59543.266,76.0456
59544.281,59.0551
59545.32,57.7478
59546.547,48.8998
59547.734,50.5051
59548.875,52.5855
59550.047,51.1945
59551.156,54.1028
59552.32,51.5464
59553.477,51.9031
59554.539,56.4972
59555.633,54.8446
59556.758,53.3333
59557.82,56.4972
59558.898,55.6586
59559.953,56.872
59561.008,56.872
59562.133,53.3333
59563.234,54.4465
59564.203,61.9195
59565.188,60.9756
59566.203,59.0551
59567.211,59.5238
59568.281,56.0748
59569.391,54.1028
59570.453,56.4972
59571.57,53.7153
59572.641,56.0748
59573.648,59.5238
59574.695,57.3066
59575.695,60
59576.695,60
59577.766,56.0748
59578.758,60.4839
59579.789,58.1959
59580.891,54.4465
59581.945,56.872
59583.008,56.4972
59584.094,55.2486
59585.141,57.3066
59586.211,56.0748
59587.305,54.8446
59588.352,57.3066
59589.414,56.4972
59590.5,55.2486
59591.547,57.3066
59592.633,55.2486
59593.703,56.0748
59594.75,57.3066
59595.789,57.7478
59596.797,59.5238
59597.781,60.9756
59598.781,60
59599.781,60
59600.844,56.4972
59601.938,54.8446
59602.961,58.651
59604.055,54.8446
59605.211,51.9031
59606.273,56.4972
59607.375,54.4465
59608.469,54.8446
59609.508,57.7478
59610.586,55.6586
59611.672,55.2486
59612.695,58.651
59613.773,55.6586
59614.812,57.7478
59615.844,58.1959
59616.914,56.0748
59617.938,58.651
59619.008,56.0748
59620.109,54.4465
59621.094,60.9756
59622.086,60.4839
59623.109,58.651
59624.07,62.435
59625.086,59.0551
59626.18,54.8446
59627.195,59.0551
59628.203,59.5238
59629.242,57.7478
59630.273,58.1959
59631.32,57.3066
59632.359,57.7478
59633.383,58.651
59634.469,55.2486
59635.562,54.8446
59636.578,59.0551
59637.602,58.651
59638.609,59.5238
59639.57,62.435
59640.609,57.7478
59641.68,56.0748
59642.695,59.0551
59643.664,61.9195
59644.648,60.9756
59645.617,61.9195
59646.594,61.4125
59647.594,60
59648.602,59.5238
59649.672,56.0748
59650.68,59.5238
59651.68,60
59652.766,55.2486
59653.781,59.0551
59654.766,60.9756
59655.773,59.5238
59656.742,61.9195
59657.68,63.9659
59658.695,59.0551
59659.695,60
59660.688,60.4839
59661.742,56.872
59662.789,57.3066
59663.797,59.5238
59664.844,57.3066
59665.898,56.872
59666.852,62.9591
59667.844,60.4839
59668.852,59.5238
59669.852,60
59670.805,62.9591
59671.781,61.4125
59672.734,62.9591
59673.68,63.4921
59674.734,56.872
59675.758,58.651
59676.766,59.5238
59677.828,56.4972
59678.867,57.7478
59679.844,61.4125
59680.906,56.4972
59681.938,58.1959
59682.977,57.7478
59684.047,56.0748
59685.078,58.1959
59686.094,59.0551
59687.117,58.651
59688.109,60.4839
59689.109,60
59690.109,60
59691.055,63.4921
59691.969,65.6455
59692.898,64.5161
59693.836,63.9659
59694.836,60
59695.859,58.651
59696.828,61.9195
59697.875,57.3066
59698.969,54.8446
59699.977,59.5238
59700.992,59.0551
59701.992,60
59702.969,61.4125
59703.961,60.4839
59704.961,60
59705.969,59.5238
59707.047,55.6586
59708.094,57.3066
59709.062,61.9195
59710.047,60.9756
59711.078,58.1959
59712.062,60.9756
59713.109,57.3066
59714.172,56.4972
59715.164,60.4839
59716.234,56.0748
59717.344,54.1028
59718.367,58.651
59719.422,56.872
59720.492,56.0748
59721.492,60
59722.516,58.651
59723.586,56.0748
59724.578,60.4839
59725.586,59.5238
59726.656,56.0748
59727.68,58.651
59728.703,58.651
59729.797,54.8446
59730.82,58.651
59731.836,59.0551
59732.875,57.7478
59733.922,57.3066
59735.023,54.4465
59736.062,57.7478
59737.086,58.651
59738.125,57.7478
59739.086,62.435
59740.078,60.4839
59741.125,57.3066
59742.117,60.4839
59743.117,60
59744.094,61.4125
59745.008,65.6455
59745.992,60.9756
59747.023,58.1959
59748.039,59.0551
59749.055,59.0551
59750.133,55.6586
59751.133,60
59752.133,60
59753.203,56.0748
59754.195,60.4839
59755.211,59.0551
59756.25,57.7478
59757.18,64.5161
59758.148,61.9195
59759.211,56.4972
59760.156,63.4921
59761.125,61.9195
59762.188,56.4972
59763.211,58.651
59764.242,58.1959
59765.305,56.4972
59766.312,59.5238
59767.352,57.7478
59768.414,56.4972
59769.422,59.5238
59770.445,58.651
59771.5,56.872
59772.516,59.0551
59773.562,57.3066
59774.68,53.7153
59775.727,57.3066
59776.82,54.8446
59777.93,54.1028
59778.992,56.4972
59780.086,54.8446
59781.18,54.8446
59782.188,59.5238
59783.25,56.4972
59784.305,56.872
59785.312,59.5238
59786.344,58.1959
59787.336,60.4839
59788.273,63.9659
59789.211,63.9659
59790.195,60.9756
59791.18,60.9756
59792.195,59.0551
59793.281,55.2486
59794.25,61.9195
59795.242,60.4839
59796.227,60.9756
59797.172,63.4921
59798.094,65.0759
59799.062,61.9195
59800.047,60.9756
59801,62.9591
59801.914,65.6455
59802.828,65.6455
59803.852,58.651
59804.898,57.3066
59805.961,56.4972
59807.047,55.2486
59808.078,58.1959
59809.148,56.0748
59810.227,55.6586
59811.242,59.0551
59812.297,56.872
59813.375,55.6586
59814.375,60
59815.359,60.9756
59816.414,56.872
59817.391,61.4125
59818.367,61.4125
59819.43,56.4972
59820.492,56.4972
59821.562,56.0748
59822.648,55.2486
59823.688,57.7478
59824.719,58.1959
59825.773,56.872
59826.766,60.4839
59827.789,58.651
59828.867,55.6586
59829.898,58.1959
59830.945,57.3066
59832.055,54.1028
59833.047,60.4839
59834.086,57.7478
59835.18,54.8446
59836.195,59.0551
59837.242,57.3066
59838.328,55.2486
59839.344,59.0551
59840.422,55.6586
59841.43,59.5238
59842.383,62.9591
59843.391,59.5238
59844.453,56.4972
59845.484,58.1959
59846.562,55.6586
59847.672,54.1028
59848.633,62.435
59849.555,65.0759
59850.516,62.435
59851.406,67.3401
59852.258,70.4225
59853.117,69.8487
59854.023,66.2252
59854.922,66.8151
59855.891,61.9195
59856.82,64.5161
59857.828,59.5238
59858.898,56.0748
59859.938,57.7478
59860.977,57.7478
59861.977,60
59863.047,56.0748
59864.156,54.1028
59865.211,56.872
59866.297,55.2486
59867.328,58.1959
59868.367,57.7478
59869.477,54.1028
59870.531,56.872
59871.586,56.872
59872.672,55.2486
59873.703,58.1959
59874.711,59.5238
59875.758,57.3066
59876.727,61.9195
59877.711,60.9756
59878.75,57.7478
59879.727,61.4125
59880.711,60.9756
59881.758,57.3066
59882.828,56.0748
59883.828,60
59884.844,59.0551
59885.852,59.5238
59886.805,62.9591
59887.766,62.435
59888.836,56.0748
59889.875,57.7478
59890.914,57.7478
59892.039,53.3333
59893.102,56.4972
59894.211,54.1028
59895.352,52.5855
59896.336,60.9756
59897.305,61.9195
59898.336,58.1959
59899.367,58.1959
59900.375,59.5238
59901.453,55.6586
59902.508,56.872
59903.547,57.7478
59904.609,56.4972
59905.609,60
59906.609,60
59907.672,56.4972
59908.688,59.0551
59909.734,57.3066
59910.82,55.2486
59911.828,59.5238
59912.844,59.0551
59913.93,55.2486
59914.93,60
59915.961,58.1959
59917.039,55.6586
59918.078,57.7478
59919.117,57.7478
59920.188,56.0748
59921.195,59.5238
59922.219,58.651
59923.242,58.651
59924.219,61.4125
59925.258,57.7478
59926.352,54.8446
59927.391,57.7478
59928.438,57.3066
59929.461,58.651
59930.438,61.4125
59931.5,56.4972
59932.578,55.6586
59933.594,59.0551
59934.664,56.0748
59935.734,56.0748
59936.742,59.5238
59937.797,56.872
59938.867,56.0748
59939.852,60.9756
59940.852,60
59941.789,63.9659
59942.703,65.6455
59943.688,60.9756
59944.68,60.4839
59945.719,57.7478
59946.789,56.0748
59947.797,59.5238
59948.781,60.9756
59949.836,56.872
59950.859,58.651
59951.82,62.435
59952.844,58.651
59953.828,60.9756
59954.797,61.9195
59955.805,59.5238
59956.789,60.9756
59957.773,60.9756
59958.805,58.1959
59959.852,57.3066
59960.867,59.0551
59961.922,56.872
59962.914,60.4839
59963.953,57.7478
59965.023,56.0748
59966.008,60.9756
59967.023,59.0551
59968.125,54.4465
59969.117,60.4839
59970.148,58.1959
59971.203,56.872
59972.148,63.4921
59973.133,60.9756
59974.133,60
59975.102,61.9195
59976.125,58.651
59977.164,57.7478
59978.148,60.9756
59979.172,58.651
59980.234,56.4972
59981.219,60.9756
59982.234,59.0551
59983.273,57.7478
59984.266,60.4839
59985.195,64.5161
59986.023,72.4638
59986.812,76.0456
59987.586,77.6197
59988.32,81.7439
59989.07,80
59989.852,76.8246
59990.703,70.4225
59991.562,69.8487
59992.508,63.4921
59993.445,63.9659
59994.352,66.2252
59995.305,62.9591
59996.266,62.435
59997.289,58.651
59998.375,55.2486
59999.406,58.1959
60000.453,57.3066
60001.5,57.3066
60002.555,56.872
60003.602,57.3066
60004.617,59.0551
60005.664,57.3066
60006.734,56.0748
60007.812,55.6586
60008.914,54.4465
60009.938,58.651
60010.977,57.7478
60012.039,56.4972
60013,62.435
60013.969,61.9195
60015.023,56.872
60016.039,59.0551
60017,62.435
60018.062,56.4972
60019.086,58.651
60020.07,60.9756
60021.102,58.1959
60022.133,58.1959
60023.117,60.9756
60024.156,57.7478
60025.141,60.9756
60026.047,66.2252
60026.984,63.9659
60027.969,60.9756
60028.938,61.9195
60030,56.4972
60031.102,54.4465
60032.125,58.651
60033.188,56.4972
60034.25,56.4972
60035.219,61.9195
60036.219,60
60037.266,57.3066
60038.219,62.9591
60039.172,62.9591
60040.156,60.9756
60041.148,60.4839
60042.203,56.872
60043.273,56.0748
60044.281,59.5238
60045.289,59.5238
60046.32,58.1959
60047.305,60.9756
60048.289,60.9756
60049.344,56.872
60050.344,60
60051.375,58.1959
60052.461,55.2486
60053.516,56.872
60054.594,55.6586
60055.703,54.1028
60056.703,60
60057.734,58.1959
60058.805,56.0748
60059.828,58.651
60060.945,53.7153
60062.055,54.1028
60063.086,58.1959
60064.18,54.8446
60065.25,56.0748
60066.266,59.0551
60067.32,56.872
60068.352,58.1959
60069.32,61.9195
60070.312,60.4839
60071.234,65.0759
60072.156,65.0759
60073.133,61.4125
60074.352,49.2207
60075.453,54.4465
60076.539,55.2486
60077.656,53.7153
60078.711,56.872
60079.773,56.4972
60080.82,57.3066
60081.742,65.0759
60082.594,70.4225
60083.43,71.7703
60084.242,73.8916
60085.109,69.2042
60086.125,59.0551
60087.156,58.1959
60088.273,53.7153
60089.375,54.4465
60090.531,51.9031
60091.664,52.9568
60092.719,56.872
60093.828,54.1028
60094.93,54.4465
60095.969,57.7478
60097.016,57.3066
60098.062,57.3066
60099.039,61.4125
60100.047,59.5238
60101.148,54.4465
60102.172,58.651
60103.25,55.6586
60104.367,53.7153
60105.367,60
60106.391,58.651
60107.43,57.7478
60108.445,59.0551
60109.516,56.0748
60110.578,56.4972
60111.602,58.651
60112.672,56.0748
60113.805,52.9568
60114.883,55.6586
60115.953,56.0748
60117.023,56.0748
60118.008,60.9756
60118.992,60.9756
60120.047,56.872
60121.055,59.5238
60122.047,60.4839
60123.141,54.8446
60124.148,59.5238
60125.055,66.2252
60125.938,67.9502
60126.82,67.9502
60127.688,69.2042
60128.562,68.5714
60129.492,64.5161
60130.422,64.5161
60131.281,69.8487
60132.117,71.7703
60132.977,69.8487
60133.844,69.2042
60134.969,53.3333
60136.086,53.7153
60137.195,54.1028
60138.305,54.1028
60139.328,58.651
60140.367,57.7478
60141.445,55.6586
60142.469,58.651
60143.539,56.0748
60144.617,55.6586
60145.656,57.7478
60146.758,54.4465
60147.797,57.7478
60148.797,60
60149.852,56.872
60150.867,59.0551
60151.891,58.651
60152.938,57.3066
60153.93,60.4839
60154.898,61.9195
60155.844,63.4921
60156.75,66.2252
60157.68,64.5161
60158.734,56.872
60159.781,57.3066
60160.844,56.4972
60161.953,54.1028
60162.922,61.9195
60163.875,62.9591
60164.852,61.4125
60165.891,57.7478
60166.859,61.9195
60167.953,54.8446
60169.086,52.9568
60170.094,59.5238
60171.18,55.2486
60172.25,56.0748
60173.203,62.9591
60174.203,60
60175.258,56.872
60176.234,61.4125
60177.203,61.9195
60178.281,55.6586
60179.32,57.7478
60180.242,65.0759
60181.211,61.9195
60182.289,55.6586
60183.305,59.0551
60184.336,58.1959
60185.43,54.8446
60186.461,58.1959
60187.508,57.3066
60188.578,56.0748
60189.602,58.651
60190.617,59.0551
60191.648,58.1959
60192.648,60
60193.633,60.9756
60194.641,59.5238
60195.625,60.9756
60196.664,57.7478
60197.781,53.7153
60198.852,56.0748
60199.984,52.9568
60201.094,54.1028
60202.141,57.3066
60203.203,56.4972
60204.227,58.651
60205.266,57.7478
60206.336,56.0748
60207.344,59.5238
60208.406,56.4972
60209.484,55.6586
60210.508,58.651
60211.562,56.872
60212.633,56.0748
60213.617,60.9756
60214.648,58.1959
60215.727,55.6586
60216.742,59.0551
60217.828,55.2486
60218.93,54.4465
60219.945,59.0551
60220.984,57.7478
60222.055,56.0748
60223.047,60.4839
60224.086,57.7478
60225.125,57.7478
60226.078,62.9591
60227.062,60.9756
60228.133,56.0748
60229.109,61.4125
60230.047,63.9659
60230.992,63.4921
60231.945,62.9591
60232.93,60.9756
60233.969,57.7478
60234.977,59.5238
60236.023,57.3066
60237.102,55.6586
60238.102,60
60239.109,59.5238
60240.125,59.0551
60241.055,64.5161
60242.008,62.9591
60242.984,61.4125
60243.984,60
60245.055,56.0748
60246.188,52.9568
60247.234,57.3066
60248.25,59.0551
60249.289,57.7478
60250.344,56.872
60251.406,56.4972
60252.555,52.2648
60253.656,54.4465
60254.758,54.4465
60255.805,57.3066
60256.781,61.4125
60257.781,60
60258.75,61.9195
60259.719,61.9195
60260.758,57.7478
60261.773,59.0551
60262.805,58.1959
60263.828,58.651
60264.758,64.5161
60265.688,64.5161
60266.641,62.9591
60267.641,60
60268.609,61.9195
60269.68,56.0748
60270.703,58.651
60271.719,59.0551
60272.742,58.651
60273.695,62.9591
60274.602,66.2252
60275.555,62.9591
60276.57,59.0551
60277.578,59.5238
60278.648,56.0748
60279.75,54.4465
60280.797,57.3066
60281.898,54.4465
60282.984,55.2486
60283.992,59.5238
60285.031,57.7478
60286.109,55.6586
60287.109,60
60288.117,59.5238
60289.188,56.0748
60290.164,61.4125
60291.18,59.0551
60292.266,55.2486
60293.25,60.9756
60294.258,59.5238
60295.289,58.1959
60296.258,61.9195
60297.266,59.5238
60298.344,55.6586
60299.328,60.9756
60300.305,61.4125
60301.375,56.0748
60302.398,58.651
60303.414,59.0551
60304.484,56.0748
60305.492,59.5238
60306.523,58.1959
60307.578,56.872
60308.609,58.1959
60309.609,60
60310.664,56.872
60311.664,60
60312.656,60.4839
60313.688,58.1959
60314.727,57.7478
60315.703,61.4125
60316.672,61.9195
60317.648,61.4125
60318.555,66.2252
60319.492,63.9659
60320.461,61.9195
60321.422,62.435
60322.391,61.9195
60323.383,60.4839
60324.344,62.435
60325.305,62.435
60326.297,60.4839
60327.266,61.9195
60328.258,60.4839
60329.242,60.9756
60330.164,65.0759
60331.125,62.435
60332.141,59.0551
60333.125,60.9756
60334.219,54.8446
60335.352,52.9568
60336.406,56.872
60337.461,56.872
60338.539,55.6586
60339.555,59.0551
60340.609,56.872
60341.664,56.872
60342.633,61.9195
60343.664,58.1959
60344.734,56.0748
60345.727,60.4839
60346.773,57.3066
60347.828,56.872
60348.797,61.9195
60349.742,63.4921
60350.844,54.4465
60351.867,58.651
60352.828,62.435
60353.812,60.9756
60354.758,63.4921
60355.594,71.7703
60356.43,71.7703
60357.32,67.3401
60358.211,67.3401
60359.172,62.435
60360.234,56.4972
60361.211,61.4125
60362.211,60
60363.281,56.0748
60364.312,58.1959
60365.344,58.1959
60366.414,56.0748
60367.422,59.5238
60368.453,58.1959
60369.492,57.7478
60370.5,59.5238
60371.562,56.4972
60372.453,67.3401
60373.242,76.0456
60374,79.1557
60374.773,77.6197
60375.578,74.5342
60376.406,72.4638
60377.242,71.7703
60378.156,65.6455
60379.055,66.8151
60379.922,69.2042
60380.883,62.435
60381.859,61.4125
60382.82,62.435
60383.805,60.9756
60384.875,56.0748
60385.891,59.0551
60386.773,67.9502
60387.617,71.09
60388.523,66.2252
60389.562,57.7478
60390.766,49.8753
60391.922,51.9031
60393.117,50.2092
60394.289,51.1945
60395.469,50.8475
60396.641,51.1945
60397.781,52.5855
60398.898,53.7153
60400,54.4465
60401.117,53.7153
60402.141,58.651
60403.188,57.3066
60404.258,56.0748
60405.289,58.1959
60406.359,56.0748
60407.445,55.2486
60408.43,60.9756
60409.375,63.4921
60410.242,69.2042
60411.016,77.6197
60411.797,76.8246
60412.586,76.0456
60413.406,73.1707
60414.328,65.0759
60415.539,49.5458
60416.539,60
60417.672,52.9568
60418.82,52.2648
60419.922,54.4465
60421.094,51.1945
60422.203,54.1028
60423.32,53.7153
60424.445,53.3333
60425.516,56.0748
60426.555,57.7478
60427.625,56.0748
60428.68,56.872
60429.859,50.8475
60431.016,51.9031
60432.133,53.7153
60433.281,52.2648
60434.359,55.6586
60435.453,54.8446
60436.555,54.4465
60437.586,58.1959
60438.656,56.0748
60439.695,57.7478
60440.75,56.872
60441.859,54.1028
60442.898,57.7478
60443.969,56.0748
60445.062,54.8446
60446.047,60.9756
60447.086,57.7478
60448.172,55.2486
60449.211,57.7478
60450.312,54.4465
60451.43,53.7153
60452.383,62.9591
60453.227,71.09
60454.055,72.4638
60454.914,69.8487
60455.781,69.2042
60456.766,60.9756
60458.008,48.3092
60459.18,51.1945
60460.383,49.8753
60461.508,53.3333
60462.695,50.5051
60463.812,53.7153
60464.945,52.9568
60466.078,52.9568
60467.18,54.4465
60468.289,54.1028
60469.359,56.0748
60470.438,55.6586
60471.539,54.4465
60472.578,57.7478
60473.625,57.3066
60474.703,55.6586
60475.75,57.3066
60476.82,56.0748
60477.891,56.0748
60478.891,60
60479.961,56.0748
60481.039,55.6586
60482.055,59.0551
60483.133,55.6586
60484.203,56.0748
60485.195,60.4839
60486.258,56.4972
60487.305,57.3066
60488.289,60.9756
60489.305,59.0551
60490.32,59.0551
60491.32,60
60492.406,55.2486
60493.469,56.4972
60494.5,58.1959
60495.586,55.2486
60496.578,60.4839
60497.617,57.7478
60498.664,57.3066
60499.617,62.9591
60500.609,60.4839
60501.703,54.8446
60502.711,59.5238
60503.75,57.7478
60504.844,54.8446
60505.844,60
60506.898,56.872
60507.992,54.8446
60509.016,58.651
60510.07,56.872
60511.141,56.0748
60512.148,59.5238
60513.094,63.4921
60514.109,59.0551
60515.141,58.1959
60516.156,59.0551
60517.25,54.8446
60518.32,56.0748
60519.367,57.3066
60520.477,54.1028
60521.586,54.1028
60522.602,59.0551
60523.68,55.6586
60524.758,55.6586
60525.844,55.2486
60526.961,53.7153
60528,57.7478
60529.094,54.8446
60530.18,55.2486
60531.195,59.0551
60532.258,56.4972
60533.375,53.7153
60534.398,58.651
60535.43,58.1959
60536.5,56.0748
60537.492,60.4839
60538.484,60.4839
60539.5,59.0551
60540.445,63.4921
60541.484,57.7478
60542.578,54.8446
60543.602,58.651
60544.695,54.8446
60545.82,53.3333
60546.852,58.1959
60547.898,57.3066
60548.984,55.2486
60549.961,61.4125
60550.961,60
60552.023,56.4972
60553.039,59.0551
60554.07,58.1959
60555.156,55.2486
60556.203,57.3066
60557.328,53.3333
60558.469,52.5855
60559.5,58.1959
60560.539,57.7478
60561.625,55.2486
60562.609,60.9756
60563.609,60
60564.727,53.7153
60565.781,56.872
60566.867,55.2486
60567.992,53.3333
60568.977,60.9756
60569.961,60.9756
60570.984,58.651
60571.945,62.435
60572.906,62.435
60573.914,59.5238
60574.891,61.4125
60575.875,60.9756
60576.969,54.8446
60578.016,57.3066
60579.109,54.8446
60580.219,54.1028
60581.25,58.1959
60582.32,56.0748
60583.398,55.6586
60584.391,60.4839
60585.383,60.4839
60586.422,57.7478
60587.406,60.9756
60588.43,58.651
60589.555,53.3333
60590.547,60.4839
60591.523,61.4125
60592.578,56.872
60593.594,59.0551
60594.625,58.1959
60595.672,57.3066
60596.633,62.435
60597.602,61.9195
60598.625,58.651
60599.555,64.5161
60600.5,63.4921
60601.562,56.4972
60602.539,61.4125
60603.5,62.435
60604.562,56.4972
60605.664,54.4465
60606.648,60.9756
60607.633,60.9756
60608.617,60.9756
60609.547,64.5161
60610.484,63.9659
60611.508,58.651
60612.492,60.9756
60613.547,56.872
60614.688,52.5855
60615.719,58.1959
60616.812,54.8446
60617.906,54.8446
60618.984,55.6586
60620.094,54.1028
60621.18,55.2486
60622.242,56.4972
60623.359,53.7153
60624.445,55.2486
60625.492,57.3066
60626.57,55.6586
60627.609,57.7478
60628.656,57.3066
60629.758,54.4465
60630.797,57.7478
60631.859,56.4972
60632.938,55.6586
60633.93,60.4839
60634.984,56.872
60636.023,57.7478
60637.023,60
60638.078,56.872
60639.117,57.7478
60640.078,62.435
60641.078,60
60642.102,58.651
60643.07,61.9195
60644.086,59.0551
60645.203,53.7153
60646.234,58.1959
60647.312,55.6586
60648.422,54.1028
60649.422,60
60650.406,60.9756
60651.406,60
60652.391,60.9756
60653.359,61.9195
60654.32,62.435
60655.211,67.3401
60656.117,66.2252
60657.188,56.0748
60658.273,55.2486
60659.367,54.8446
60660.492,53.3333
60661.508,59.0551
60662.523,59.0551
60663.578,56.872
60664.57,60.4839
60665.609,57.7478
60666.703,54.8446
60667.727,58.651
60668.75,58.651
60669.812,56.4972
60670.812,60
60671.82,59.5238
60672.891,56.0748
60673.891,60
60674.891,60
60675.891,60
60676.891,60
60677.961,56.0748
60679.039,55.6586
60680.078,57.7478
60681.172,54.8446
60682.164,60.4839
60683.117,62.9591
60684.062,63.4921
60685.133,56.0748
60686.172,57.7478
60687.273,54.4465
60688.406,52.9568
60689.461,56.872
60690.539,55.6586
60691.602,56.4972
60692.648,57.3066
60693.75,54.4465
60694.781,58.1959
60695.797,59.0551
60696.828,58.1959
60697.797,61.9195
60698.773,61.4125
60699.773,60
60700.75,61.4125
60701.758,59.5238
60702.836,55.6586
60703.867,58.1959
60704.875,59.5238
60705.984,54.1028
60707,59.0551
60707.984,60.9756
60709.031,57.3066
60710.078,57.3066
60711.07,60.4839
60712.102,58.1959
60713.164,56.4972
60714.164,60
60715.195,58.1959
60716.273,55.6586
60717.281,59.5238
60718.289,59.5238
60719.305,59.0551
60720.227,65.0759
60721.203,61.4125
60722.234,58.1959
60723.219,60.9756
60724.234,59.0551
60725.344,54.1028
60726.383,57.7478
60727.414,58.1959
60728.484,56.0748
60729.453,61.9195
60730.414,62.435
60731.383,61.9195
60732.305,65.0759
60733.242,63.9659
60734.219,61.4125
60735.164,63.4921
60736.18,59.0551
60737.336,51.9031
60738.367,58.1959
60739.406,57.7478
60740.422,59.0551
60741.367,63.4921
60742.336,61.9195
60743.344,59.5238
60744.297,62.9591
60745.266,61.9195
60746.328,56.4972
60747.344,59.0551
60748.359,59.0551
60749.414,56.872
60750.438,58.651
60751.438,60
60752.492,56.872
60753.508,59.0551
60754.523,59.0551
60755.547,58.651
60756.547,60
60757.5,62.9591
60758.492,60.4839
60759.43,63.9659
60760.344,65.6455
60761.266,65.0759
60762.203,63.9659
60763.133,64.5161
60764.055,65.0759
60765.023,61.9195
60765.961,63.9659
60766.93,61.9195
60767.977,57.3066
60768.992,59.0551
60770.023,58.1959
60771.062,57.7478
60772.031,61.9195
60773.008,61.4125
60774.039,58.1959
60775.023,60.9756
60776.023,60
60777.023,60
60777.953,64.5161
60778.914,62.435
60779.93,59.0551
60780.875,63.4921
60781.828,62.9591
60782.859,58.1959
60783.867,59.5238
60784.883,59.0551
60785.891,59.5238
60786.828,63.9659
60787.773,63.4921
60788.773,60
60789.797,58.651
60790.734,63.9659
60791.719,60.9756
60792.703,60.9756
60793.633,64.5161
60794.609,61.4125
60795.602,60.4839
60796.539,63.9659
60797.5,62.435
60798.5,60
60799.445,63.4921
60800.391,63.4921
60801.367,61.4125
60802.297,64.5161
60803.234,63.9659
60804.227,60.4839
60805.219,60.4839
60806.164,63.4921
60807.148,60.9756
60808.195,57.3066
60809.148,62.9591
60810.062,65.6455
60811.055,60.4839
60812.031,61.4125
60813.062,58.1959
60814.141,55.6586
60815.18,57.7478
60816.195,59.0551
60817.273,55.6586
60818.234,62.435
60819.219,60.9756
60820.273,56.872
60821.305,58.1959
60822.305,60
60823.398,54.8446
60824.438,57.7478
60825.461,58.651
60826.5,57.7478
60827.562,56.4972
60828.641,55.6586
60829.727,55.2486
60830.75,58.651
60831.766,59.0551
60832.758,60.4839
60833.688,64.5161
60834.688,60
60835.703,59.0551
60836.648,63.4921
60837.586,63.9659
60838.508,65.0759
60839.43,65.0759
60840.438,59.5238
60841.414,61.4125
60842.367,62.9591
60843.289,65.0759
60844.273,60.9756
60845.203,64.5161
60846.172,61.9195
60847.227,56.872
60848.227,60
60849.242,59.0551
60850.273,58.1959
60851.242,61.9195
60852.18,63.9659
60853.172,60.4839
60854.164,60.4839
60855.148,60.9756
60856.188,57.7478
60857.188,60
60858.195,59.5238
60859.234,57.7478
60860.219,60.9756
60861.219,60
60862.258,57.7478
60863.273,59.0551
60864.219,63.4921
60865.234,59.0551
60866.234,60
60867.281,57.3066
60868.375,54.8446
60869.438,56.4972
60870.453,59.0551
60871.492,57.7478
60872.43,63.9659
60873.398,61.9195
60874.438,57.7478
60875.461,58.651
60876.539,55.6586
60877.656,53.7153
60878.695,57.7478
60879.727,58.1959
60880.812,55.2486
60881.836,58.651
60882.82,60.9756
60883.852,58.1959
60884.867,59.0551
60885.828,62.435
60886.812,60.9756
60887.836,58.651
60888.773,63.9659
60889.688,65.6455
60890.633,63.4921
60891.594,62.435
60892.555,62.435
60893.555,60
60894.531,61.4125
60895.516,60.9756
60896.5,60.9756
60897.492,60.4839
60898.469,61.4125
60899.539,56.0748
60900.539,60
60901.492,62.9591
60902.438,63.4921
60903.359,65.0759
60904.391,58.1959
60905.445,56.872
60906.406,62.435
60907.367,62.435
60908.375,59.5238
60909.359,60.9756
60910.43,56.0748
60911.57,52.5855
60912.641,56.0748
60913.75,54.1028
60914.797,57.3066
60915.75,62.9591
60916.742,60.4839
60917.789,57.3066
60918.789,60
60919.828,57.7478
60920.914,55.2486
60921.898,60.9756
60922.922,58.651
60923.914,60.4839
60924.867,62.9591
60925.875,59.5238
60926.914,57.7478
60927.906,60.4839
60928.891,60.9756
60929.891,60
60930.82,64.5161
60931.719,66.8151
60932.719,60
60933.75,58.1959
60934.727,61.4125
60935.773,57.3066
60936.836,56.4972
60937.828,60.4839
60938.852,58.651
60939.945,54.8446
60940.875,64.5161
60941.773,66.8151
60942.719,63.4921
60943.633,65.6455
60944.594,62.435
60945.641,57.3066
60946.68,57.7478
60947.727,57.3066
60948.797,56.0748
60949.789,60.4839
60950.75,62.435
60951.789,57.7478
60952.812,58.651
60953.766,62.9591
60954.758,60.4839
60955.812,56.872
60956.797,60.9756
60957.812,59.0551
60958.852,57.7478
60959.852,60
60960.875,58.651
60961.914,57.7478
60962.891,61.4125
60963.914,58.651
60964.961,57.3066
60965.922,62.435
60966.938,59.0551
60968.008,56.0748
60969.023,59.0551
60970.039,59.0551
60971.094,56.872
60972.094,60
60973.07,61.4125
60974.102,58.1959
60975.086,60.9756
60976.078,60.4839
60977.102,58.651
60978.094,60.4839
60979.078,60.9756
60980.086,59.5238
60981.086,60
60982.023,63.9659
60983.062,57.7478
60984.055,60.4839
60985.047,60.4839
60986.07,58.651
60987.039,61.9195
60988.008,61.9195
60989.023,59.0551
60990.125,54.4465
60991.234,54.1028
60992.391,51.9031
60993.445,56.872
60994.508,56.4972
60995.602,54.8446
60996.617,59.0551
60997.672,56.872
60998.734,56.4972
60999.734,60
61000.742,59.5238
61001.758,59.0551
61002.734,61.4125
61003.781,57.3066
61004.805,58.651
61005.719,65.6455
61006.688,61.9195
61007.719,58.1959
61008.68,62.435
61009.664,60.9756
61010.711,57.3066
61011.727,59.0551
61012.766,57.7478
61013.82,56.872
61014.828,59.5238
61015.859,58.1959
61016.906,57.3066
61017.891,60.9756
61018.906,59.0551
61019.953,57.3066
61020.938,60.9756
61021.961,58.651
61023.016,56.872
61024.008,60.4839
61025,60.4839
61026.039,57.7478
61027.047,59.5238
61028.07,58.651
61029.125,56.872
61030.125,60
61031.086,62.435
61032.07,60.9756
61033.07,60
61034.039,61.9195
61035.008,61.9195
61036.023,59.0551
61036.977,62.9591
61037.953,61.4125
61038.922,61.9195
61039.898,61.4125
61040.844,63.4921
61041.836,60.4839
61042.867,58.1959
61043.867,60
61044.914,57.3066
61045.891,61.4125
61046.875,60.9756
61047.875,60
61048.828,62.9591
61049.836,59.5238
61050.938,54.4465
61051.922,60.9756
61052.906,60.9756
61054,54.8446
61055.031,58.1959
61056.016,60.9756
61057.07,56.872
61058.094,58.651
61059.109,59.0551
61060.188,55.6586
61061.25,56.4972
61062.312,56.4972
61063.414,54.4465
61064.438,58.651
61065.477,57.7478
61066.516,57.7478
61067.523,59.5238
61068.539,59.0551
61069.594,56.872
61070.57,61.4125
61071.562,60.4839
61072.602,57.7478
61073.625,58.651
61074.594,61.9195
61075.594,60
61076.594,60
61077.547,62.9591
61078.547,60
61079.539,60.4839
61080.539,60
61081.609,56.0748
61082.641,58.1959
61083.641,60
61084.727,55.2486
61085.805,55.6586
61086.844,57.7478
61087.875,58.1959
61088.82,63.4921
61089.75,64.5161
61090.766,59.0551
61091.758,60.4839
61092.758,60
61093.859,54.4465
61094.914,56.872
61095.922,59.5238
61096.977,56.872
61097.93,62.9591
61098.906,61.4125
61099.914,59.5238
61100.891,61.4125
61101.859,61.9195
61102.852,60.4839
61103.852,60
61104.82,61.9195
61105.789,61.9195
61106.812,58.651
61107.797,60.9756
61108.82,58.651
61109.836,59.0551
61110.773,63.9659
61111.812,57.7478
61112.859,57.3066
61113.82,62.435
61114.812,60.4839
61115.938,53.3333
61116.953,59.0551
61117.969,59.0551
61119.055,55.2486
61120.062,59.5238
61121.078,59.0551
61122.148,56.0748
61123.148,60
61124.148,60
61125.164,59.0551
61126.195,58.1959
61127.227,58.1959
61128.297,56.0748
61129.312,59.0551
61130.344,58.1959
61131.391,57.3066
61132.391,60
61133.383,60.4839
61134.453,56.0748
61135.508,56.872
61136.586,55.6586
61137.656,56.0748
61138.688,58.1959
61139.711,58.651
61140.781,56.0748
61141.805,58.651
61142.789,60.9756
61143.828,57.7478
61144.891,56.4972
61145.945,56.872
61147.016,56.0748
61148,60.9756
61148.992,60.4839
61150.031,57.7478
61150.992,62.435
61151.953,62.435
61152.93,61.4125
61153.914,60.9756
61154.898,60.9756
61155.961,56.4972
61157.008,57.3066
61158.023,59.0551
61159.062,57.7478
61160.086,58.651
61161.031,63.4921
61162.031,60
61162.984,62.9591
61163.961,61.4125
61164.977,59.0551
61165.93,62.9591
61166.859,64.5161
61167.82,62.435
61168.836,59.0551
61169.797,62.435
61170.836,57.7478
61171.867,58.1959
61172.93,56.4972
61174.008,55.6586
61174.992,60.9756
61175.992,60
61177.047,56.872
61178.047,60
61179.023,61.4125
61180.047,58.651
61181,62.9591
61181.961,62.435
61182.977,59.0551
61183.914,63.9659
61184.828,65.6455
61185.844,59.0551
61186.875,58.1959
61187.836,62.435
61188.859,58.651
61189.906,57.3066
61190.891,60.9756
61191.906,59.0551
61192.945,57.7478
61193.922,61.4125
61194.945,58.651
61195.984,57.7478
61196.938,62.9591
61197.938,60
61199,56.4972
61200.008,59.5238
61201.055,57.3066
61202.164,54.1028
61203.172,59.5238
61204.164,60.4839
61205.227,56.4972
61206.188,62.435
61207.188,60
61208.242,56.872
61209.258,59.0551
61210.289,58.1959
61211.32,58.1959
61212.297,61.4125
61213.336,57.7478
61214.398,56.4972
61215.406,59.5238
61216.438,58.1959
61217.492,56.872
61218.484,60.4839
61219.5,59.0551
61220.5,60
61221.453,62.9591
61222.383,64.5161
61223.391,59.5238
61224.352,62.435
61225.297,63.4921
61226.273,61.4125
61227.234,62.435
61228.172,63.9659
61229.156,60.9756
61230.188,58.1959
61231.172,60.9756
61232.188,59.0551
61233.203,59.0551
61234.141,63.9659
61235.078,63.9659
61236.062,60.9756
61236.969,66.2252
61237.867,66.8151
61238.812,63.4921
61239.766,62.9591
61240.734,61.9195
61241.773,57.7478
61242.836,56.4972
61243.836,60
61244.883,57.3066
61245.945,56.4972
61246.922,61.4125
61247.953,58.1959
61249,57.3066
61250.023,58.651
61251.023,60
61252.047,58.651
61253.008,62.435
61254.008,60
61255.031,58.651
61255.992,62.435
61256.984,60.4839
61258.055,56.0748
61259.047,60.4839
61260.039,60.4839
61261.078,57.7478
61262.062,60.9756
61263.031,61.9195
61264.086,56.872
61265.055,61.9195
61266.094,57.7478
61267.164,56.0748
61268.203,57.7478
61269.25,57.3066
61270.344,54.8446
61271.352,59.5238
61272.32,61.9195
61273.336,59.0551
61274.289,62.9591
61275.203,65.6455
61276.234,58.1959
61277.234,60
61278.227,60.4839
61279.234,59.5238
61280.266,58.1959
61281.258,60.4839
61282.305,57.3066
61283.32,59.0551
61284.312,60.4839
61285.367,56.872
61286.375,59.5238
61287.375,60
61288.398,58.651
61289.398,60
61290.367,61.9195
61291.359,60.4839
61292.383,58.651
61293.336,62.9591
61294.336,60
61295.391,56.872
61296.406,59.0551
61297.453,57.3066
61298.492,57.7478
61299.5,59.5238
61300.531,58.1959
61301.594,56.4972
61302.617,58.651
61303.703,55.2486
61304.797,54.8446
61305.781,60.9756
61306.789,59.5238
61307.828,57.7478
61308.859,58.1959
61310,52.5855
61311.023,58.651
61312.023,60
61313.094,56.0748
61314.07,61.4125
61315.055,60.9756
61316.117,56.4972
61317.094,61.4125
61318.109,59.0551
61319.172,56.4972
61320.195,58.651
61321.289,54.8446
61322.375,55.2486
61323.406,58.1959
61324.422,59.0551
61325.461,57.7478
61326.461,60
61327.43,61.9195
61328.461,58.1959
61329.453,60.4839
61330.383,64.5161
61331.453,56.0748
61332.5,57.3066
61333.586,55.2486
61334.695,54.1028
61335.742,57.3066
61336.797,56.872
61337.875,55.6586
61338.891,59.0551
61339.938,57.3066
61340.984,57.3066
61342,59.0551
61343.023,58.651
61344.117,54.8446
61345.148,58.1959
61346.156,59.5238
61347.203,57.3066
61348.219,59.0551
61349.195,61.4125
61350.18,60.9756
61351.219,57.7478
61352.203,60.9756
61353.227,58.651
61354.305,55.6586
61355.297,60.4839
61356.266,61.9195
61357.344,55.6586
61358.344,60
61359.359,59.0551
61360.406,57.3066
61361.398,60.4839
61362.391,60.4839
61363.406,59.0551
61364.336,64.5161
61365.281,63.4921
61366.227,63.4921
61367.148,65.0759
61368.141,60.4839
61369.242,54.4465
61370.281,57.7478
61371.344,56.4972
61372.453,54.1028
61373.469,59.0551
61374.469,60
61375.5,58.1959
61376.492,60.4839
61377.508,59.0551
61378.578,56.0748
61379.617,57.7478
61380.664,57.3066
61381.75,55.2486
61382.781,58.1959
61383.812,58.1959
61384.906,54.8446
61385.891,60.9756
61386.906,59.0551
61388,54.8446
61388.984,60.9756
61389.938,62.9591
61391.016,55.6586
61392.062,57.3066
61393.125,56.4972
61394.203,55.6586
61395.234,58.1959
61396.258,58.651
61397.32,56.4972
61398.336,59.0551
61399.383,57.3066
61400.453,56.0748
61401.461,59.5238
61402.469,59.5238
61403.5,58.1959
61404.461,62.435
61405.461,60
61406.555,54.8446
61407.562,59.5238
61408.594,58.1959
61409.672,55.6586
61410.664,60.4839
61411.672,59.5238
61412.688,59.0551
61413.688,60
61414.711,58.651
61415.789,55.6586
61416.805,59.0551
61417.883,55.6586
61419.016,52.9568
61420.062,57.3066
61421.109,57.3066
61422.172,56.4972
61423.156,60.9756
61424.18,58.651
61425.266,55.2486
61426.234,61.9195
61427.25,59.0551
61428.281,58.1959
61429.32,57.7478
61430.383,56.4972
61431.523,52.5855
61432.57,57.3066
61433.648,55.6586
61434.742,54.8446
61435.758,59.0551
61436.766,59.5238
61437.828,56.4972
61438.906,55.6586
61439.93,58.651
61440.992,56.4972
61442.055,56.4972
61443.07,59.0551
61444.125,56.872
61445.156,58.1959
61446.148,60.4839
61447.172,58.651
61448.219,57.3066
61449.133,65.6455
61450.102,61.9195
61451.164,56.4972
61452.125,62.435
61453.102,61.4125
61454.188,55.2486
61455.211,58.651
61456.227,59.0551
61457.32,54.8446
61458.391,56.0748
61459.438,57.3066
61460.492,56.872
61461.508,59.0551
61462.477,61.9195
61463.492,59.0551
61464.539,57.3066
61465.516,61.4125
61466.508,60.4839
61467.57,56.4972
61468.539,61.9195
61469.5,62.435
61470.523,58.651
61471.594,56.0748
61472.594,60
61473.648,56.872
61474.766,53.7153
61475.789,58.651
61476.859,56.0748
61477.969,54.1028
61478.984,59.0551
61479.992,59.5238
61481.086,54.8446
61482.086,60
61483.078,60.4839
61484.148,56.0748
61485.141,60.4839
61486.172,58.1959
61487.227,56.872
61488.234,59.5238
61489.234,60
61490.281,57.3066
61491.297,59.0551
61492.289,60.4839
61493.328,57.7478
61494.273,63.4921
61495.242,61.9195
61496.289,57.3066
61497.32,58.1959
61498.328,59.5238
61499.375,57.3066
61500.359,60.9756
61501.359,60
61502.375,59.0551
61503.398,58.651
61504.414,59.0551
61505.508,54.8446
61506.547,57.7478
61507.609,56.4972
61508.695,55.2486
61509.734,57.7478
61510.789,56.872
61511.883,54.8446
61512.883,60
61513.922,57.7478
61514.938,59.0551
61515.922,60.9756
61516.953,58.1959
61518.016,56.4972
61518.992,61.4125
61520,59.5238
61520.984,60.9756
61522,59.0551
61523.07,56.0748
61524.078,59.5238
61525.07,60.4839
61526.109,57.7478
61527.125,59.0551
61528.07,63.4921
61529.102,58.1959
61530.078,61.4125
61530.984,66.2252
61531.891,66.2252
61532.914,58.651
61533.992,55.6586
61535.086,54.8446
61536.234,52.2648
61537.328,54.8446
61538.273,63.4921
61539.125,70.4225
61539.922,75.2823
61540.664,80.8625
61541.43,78.329
61542.242,73.8916
61543.086,71.09
61543.891,74.5342
61544.734,71.09
61545.586,70.4225
61546.406,73.1707
61547.203,75.2823
61548.008,74.5342
61548.797,76.0456
61549.57,77.6197
61550.328,79.1557
61551.109,76.8246
61551.906,75.2823
61552.672,78.329
61553.438,78.329
61554.227,76.0456
61555.031,74.5342
61555.812,76.8246
61556.586,77.6197
61557.383,75.2823
61558.188,74.5342
61558.945,79.1557
61559.688,80.8625
61560.445,79.1557
61561.195,80
61561.922,82.5309
61562.633,84.3882
61563.312,88.2353
61563.984,89.2857
61564.641,91.4634
61565.297,91.4634
61565.953,91.4634
61566.602,92.5926
61567.242,93.6037
61567.883,93.6037
61568.508,96
61569.125,97.2447
61569.75,96
61570.367,97.2447
61570.977,98.5222
61571.578,99.6678
61572.18,99.6678
61572.766,102.389
61573.359,101.01
61573.93,105.263
61574.523,101.01
61575.086,106.762
61575.648,106.762
61576.219,105.263
61576.781,106.762
61577.352,105.263
61577.969,97.2447
61578.883,65.6455
61579.922,57.7478
61580.898,61.4125
61581.867,61.9195
61583.109,48.3092
61584.453,44.6429
61585.773,45.4545
61587.102,45.1807
61588.391,46.5477
61589.797,42.6743
61591.102,45.977
61592.453,44.3787
